"","PC1","PC2","PC3"
"PARD6G",-0.724444933500445,0.0480892877690496,-0.629266726104336
"FOXO3B.ZNF286B",-0.709678541231664,-0.173298964018301,-0.611271924419855
"TMEM136",-0.675570884708404,0.176162978472645,-0.6384038621045
"UHRF1",-0.661107529441327,0.0272351734412686,-0.665024084470232
"ROBO1",-0.648184735951623,-0.140153844692327,-0.62682536257035
"ZNF346",-0.644365180077915,-0.0319086444513747,-0.664442680061167
"LOC400958",-0.590711370728722,0.120264891286435,-0.651192562078306
"TNKS",-0.575506759281148,0.340248159674953,-0.681380187260206
"OTUB2",-0.573918712152529,0.00351938327051894,-0.682512765788073
"EDC3",-0.562008026894463,-0.0896670545102638,-0.726535710945377
"ITM2C",-0.559618321605965,0.11113820470268,-0.687391094501994
"TAT",-0.556579734567602,0.0790223846079237,-0.731353118488392
"DZIP1",-0.556424365472429,0.167398532761197,-0.731046144732532
"C14orf55",-0.548125174890279,0.198322561664047,-0.658055338728454
"DSC1",-0.546293456225518,0.282084184041792,-0.665403696616232
"SPATS2",-0.530168790447367,0.244857962826518,-0.673565736670201
"NME4",-0.526834610061281,-0.111528079906841,-0.732091423474649
"LOC148709",-0.52219363146734,-0.499691109474906,-0.61105560606708
"PFN2",-0.519451930731482,0.0240795328817896,-0.621348077008136
"ERVV.1",-0.516930127273465,0.101761144946392,-0.611242495868916
"TMEM106B",-0.51202914774357,0.025756764020818,-0.611820205414852
"AGBL5",-0.506115252961855,-0.0388769903278536,-0.647163436391706
"PURG",-0.497054237322351,-0.150405958395278,-0.633599173004268
"RPGRIP1L",-0.496677249944895,0.134250997403816,-0.760936872055723
"TUSC3",-0.492320409963008,0.261810306729969,-0.621376723879322
"C16orf59",-0.490857619757857,-0.338623600431097,-0.67417104496991
"C11orf74",-0.485100509064196,0.0809493072244782,-0.650975737777455
"HAPLN4",-0.481177540677478,-0.343704824877834,-0.646554136520538
"RPL27A",-0.477118324596353,-0.091573913186328,-0.621542211459601
"THNSL1",-0.469851037815503,-0.00659443526647963,-0.757394953219644
"SPSB4",-0.468547447920185,-0.335525943865817,-0.663857764624003
"MOG",-0.465529315826615,-0.141658890368791,-0.684256825352323
"GAPDHS",-0.460859692630167,-0.290963960843612,-0.62811793785299
"GOLM1",-0.454462526598893,-0.272858963983968,-0.707078079209677
"LOC284581",-0.444861909487387,-0.180520955763207,-0.66379996206464
"ZNFX1.AS1",-0.435838204846605,0.0380233745274854,-0.729816434247099
"C15orf40",-0.432146061768737,0.453875646933575,-0.620546879836772
"CLASP1",-0.430211050490752,0.436726036574226,-0.62406255290768
"POLR3D",-0.427303796209876,-0.0926398453591094,-0.633134451224305
"MARCKSL1",-0.425255052278476,-0.0361375103326055,-0.73363731881456
"PKMYT1",-0.422797032484079,-0.00738265357548019,-0.697094381464473
"INGX",-0.422351438642052,-0.0216882557363341,-0.632333032505838
"C7orf10",-0.420889585291859,-0.0188995188206243,-0.651286600543799
"C17orf69",-0.418610517247936,-0.173220551450503,-0.634292100831455
"MMACHC",-0.415137274151985,-0.0985636716666555,-0.626120565192446
"PNMA3",-0.412130617599084,-0.35892438385704,-0.652988789035153
"CHRNB4",-0.410892392922184,-0.387753007500999,-0.626943097382322
"KIF24",-0.410703277148568,0.334069548838383,-0.715402644796826
"MPDZ",-0.408927935380567,-0.327356812438496,-0.707527826355453
"ZBTB26",-0.402066654352695,0.0505941327076575,-0.704275069021867
"FKTN",-0.400232290678407,0.230463359559926,-0.786548616184619
"TMEM99",-0.398940302479977,0.433010909388162,-0.610734022816347
"UBE2E3",-0.398752984143303,-0.211544017028978,-0.616192173431886
"ZNF167",-0.396479114220314,-0.0230205496525834,-0.737784035682742
"LMNB2",-0.395180321966637,0.176867805825721,-0.711247273301296
"LOC340037",-0.395056360452617,0.115937719308088,-0.613861678261717
"ZNF16",-0.394455245391663,-0.0813353198866499,-0.70855281824712
"LOC100128292",-0.393469506824111,-0.0896489186045815,-0.786652867970918
"NT5DC2",-0.390870564109607,-0.0916027288884404,-0.769643262947544
"LOC100128126",-0.382364642604667,0.227151963456175,-0.735619368604356
"FBXO40",-0.381362116820967,-0.0514267378654272,-0.63165736176961
"MSI2",-0.381076109847573,0.107426177440295,-0.615442444241463
"LOC100506730",-0.372304446519571,0.346950920433187,-0.779205310716142
"ZNF772",-0.368377417593911,0.4124140503092,-0.687798316487114
"LDLRAD3",-0.360391072088819,0.109544182300434,-0.620015028947153
"LOC339803",-0.355748668595971,0.48767251552731,-0.648581611800822
"ZNF618",-0.35574333554693,0.361336268991287,-0.641350661636963
"FLJ12825",-0.355386510797243,0.25806587537476,-0.68914185916884
"RNF222",-0.351594159124465,-0.267713575630654,-0.713090785696651
"ZNF554",-0.346868021019449,0.405195166014175,-0.671038165475184
"GDF11",-0.346841250883592,0.396372731964923,-0.781966672843656
"LOC100506305",-0.342130616527098,0.147138347535051,-0.72103948135788
"LOC100335030",-0.341616178486318,0.0423044584169337,-0.620032148685163
"MGC2889",-0.341102197073689,-0.141411803246036,-0.687622177154685
"CYP27C1",-0.339945475177906,0.17587298882473,-0.611305660881757
"UBTD2",-0.336506581117729,-0.0874992306962061,-0.691622921006116
"AKR1B10",-0.335311574123695,-0.0396539942562567,-0.640727175865016
"TARSL2",-0.334684008017607,-0.131927079181226,-0.646391326196523
"HECW1",-0.331113914713417,-0.292565123435657,-0.613349482832238
"MKRN7P",-0.326435802149736,0.194588334498834,-0.760044961445324
"TRPM8",-0.324684503173466,-0.00742213109098497,-0.766121400289628
"ST6GALNAC3",-0.322089604091597,-0.39552853977583,-0.668909337180859
"PBK",-0.318717738349879,0.0263497746439838,-0.640270538674093
"LOC100506660",-0.318604397412442,-0.278541549536804,-0.654758263239242
"PPP2R3A",-0.311344353915932,-0.123534194473489,-0.712409141484036
"IGDCC3",-0.311163447336904,-0.366952718573618,-0.624202951446378
"PRH1.PRH1.PRR4.PRR4",-0.308577737849228,0.100898342018616,-0.67276801932857
"C20orf96",-0.306325741963312,-0.365607600514274,-0.610980832469065
"IAPP",-0.305928069720462,-0.0151322136834429,-0.767511285225319
"C19orf40",-0.304400784806856,-0.113749567099525,-0.679082810927782
"ZNF565",-0.303325585620858,-0.207327828040767,-0.667456948591957
"CAMSAP2",-0.301205673161811,0.226872881988841,-0.649663474733038
"RBFOX2",-0.300651528546492,0.216426329686929,-0.844157065639277
"TLN2",-0.295513734113877,0.238204556960532,-0.794485925794449
"LOC100133612",-0.294881935408715,0.12920513885466,-0.746683935309177
"DPY19L2P4",-0.292886152549811,-0.272844447849947,-0.686614025109364
"OR7D2",-0.28134705678102,0.241023575986613,-0.622967843796445
"C6orf147.KHDC1",-0.279061113875022,-0.0986327977840382,-0.828825258789637
"ZNF711",-0.276413447856104,0.31612928162953,-0.686250412492695
"PBX1",-0.274902022674381,-0.574100638105465,-0.622590783834443
"KIF18B",-0.271261841998634,-0.00263047634985971,-0.658472381213097
"LOC100128788",-0.268870260111404,0.203212956397019,-0.72529374444481
"METAP1D",-0.266917504640223,0.0299385431675671,-0.623994965215329
"RPLP0",-0.266433556859233,-0.215771364977102,-0.714718690898343
"MEX3D",-0.261256853834259,0.16546644236463,-0.616119857432827
"LOC286186",-0.260904227723277,0.107116697432355,-0.642260537689461
"CLTCL1",-0.259860022941259,-0.397017388428571,-0.635580715702329
"LOC100129148",-0.256151464922121,-0.139328385873552,-0.832282935745757
"X1.2.SBSRNA4",-0.25246799153753,-0.0658620014509367,-0.67878642142413
"PKI55",-0.252069266562988,0.214852130165119,-0.697751081700508
"DIP2B",-0.250021850191384,-0.0473534549802574,-0.713022396427006
"CRISPLD1",-0.249821370102503,0.0743741420569557,-0.728208823204695
"CEP97",-0.246910447044381,0.298351458413874,-0.61787663753657
"LOC284576",-0.246212268769801,0.148810138839288,-0.658383779549581
"LOC100507401",-0.245786761908827,-0.18300090143334,-0.643274875663096
"C14orf135",-0.24356234925575,0.609644474575202,-0.673628390795265
"FBLIM1",-0.243353636474637,0.258110138228752,-0.632877070681935
"CKAP4",-0.243114939223537,0.28605711218816,-0.666552921075965
"ZNF445",-0.24214858512422,0.275072938715398,-0.677578320920671
"LOC641364",-0.240335040934027,0.0536703994983853,-0.661581972544756
"FAT3",-0.239233040147987,0.267215009282215,-0.691401774551134
"LOC728190",-0.239158635623377,0.161949556029189,-0.822893631178514
"IFT81",-0.238577996938939,0.209071009597895,-0.674592220471534
"ZNF84",-0.237663063123943,0.472298101122404,-0.624730636785219
"NLGN1",-0.236771857590547,-0.373795456317425,-0.740651955362153
"C14orf178",-0.235566607570362,0.0594258738144847,-0.719092110423546
"XXYLT1",-0.23170298998168,0.252897718059365,-0.611907555988861
"PDZD11",-0.229287506358862,0.0213385845468501,-0.644566551176434
"BSN.AS2",-0.228321763513478,0.0614007662082297,-0.639376820980204
"C1orf50",-0.228018240947771,0.186007223353251,-0.724310524681751
"KLHL7.AS1",-0.222853774069034,-0.183758839038949,-0.788103564157869
"LZIC",-0.222293172165303,0.466394977783728,-0.765839739414557
"KIAA1826",-0.221737501013623,-0.0663422306887055,-0.759701587176347
"AQP11",-0.22070074891489,0.304658256986812,-0.660760286504841
"LOC100287616",-0.220462340558705,-0.186611549227695,-0.692154357173819
"LOC100132781",-0.220448287397295,0.19713963823844,-0.63529946406717
"LINC00574",-0.216881821707239,0.162837869306649,-0.657841634731433
"PSRC1",-0.215965890689132,-0.0278311702112309,-0.688519274607277
"DNAJC22",-0.214477384235118,0.44350758127629,-0.683780519681309
"CD276",-0.214274911224653,-0.155865423694082,-0.814976162766456
"SLC9B1",-0.211277573356068,0.0436930950427545,-0.87240800739483
"TRAF3IP2.AS1",-0.20603959805847,-0.272055617583497,-0.825240387636286
"FLJ14107",-0.206007327650198,0.246250077832258,-0.646182426901359
"LOC339166",-0.205697740068426,0.0699745696551371,-0.652408087071306
"ZFP14",-0.204543005649112,0.182756513335563,-0.615369985370803
"SRGAP1",-0.201442277499298,0.333868297118573,-0.75530813418248
"PRKACB",-0.200382206714742,-0.408722007582009,-0.646017759411952
"GCFC1.AS1",-0.199648329189697,0.354480723461442,-0.728661141309254
"CCDC136",-0.196126474512457,-0.172690095328965,-0.782036420839067
"TULP4",-0.192985274738208,0.417532530020032,-0.72928898293944
"IQCC",-0.192434111638264,0.0295520373180652,-0.635200194726192
"LOC151171",-0.191820247446661,-0.236301336323163,-0.610144160016447
"GNRHR",-0.190897493935089,0.0506040831281369,-0.647714267388423
"LOC282980",-0.189661386141884,0.156939561268954,-0.637656985871259
"FLJ46361",-0.188327320164285,0.151616064993667,-0.61420029820479
"SYT16",-0.186498023650808,-0.288806698825554,-0.678572004667572
"ZNF473",-0.185927261691417,0.0118362962325776,-0.616784739249113
"C6orf170",-0.185364053269487,0.364321867738592,-0.756284546593603
"YEATS2",-0.18512627114215,-0.0270625169108417,-0.651944343853651
"LRRC49",-0.182637191809639,-0.364125489619825,-0.65880535944403
"MLANA",-0.181562330997478,0.280859148261381,-0.692538584765899
"LOC730101",-0.180538072040364,0.234878809964525,-0.831618635464937
"CRX",-0.179540227438919,0.301523402527643,-0.66911062101922
"PDE11A",-0.178708251565823,0.353928300870334,-0.677716294733532
"FAM115A",-0.176334093156257,0.475100167393133,-0.71559225936282
"TLE1",-0.173441218383423,-0.141905979390533,-0.643311265358698
"MAP9",-0.172815147349294,0.44825908398894,-0.697369721538674
"NOVA1",-0.171770558116468,0.171941108366948,-0.618735045065237
"SERPINH1",-0.16880136887568,0.454427442685474,-0.64218467840706
"ABCB5",-0.168333828618953,0.062310134974262,-0.614310979504881
"ZNF74",-0.168024711045582,-0.214409328967243,-0.778919861368985
"DLX6.AS1",-0.165506218372904,0.282232527639091,-0.664003471492882
"ZNF790",-0.163353883470515,0.371859272177194,-0.840902788024481
"ZNF292",-0.160464001797123,0.272142803627874,-0.782910523579511
"SPICE1",-0.156065260549159,0.0585583588546565,-0.658673014429685
"KRT18P55",-0.155754825958542,0.154485180422756,-0.61414086395406
"SPATA7",-0.153837963466281,0.353898923869647,-0.764297873669198
"KPNA5",-0.153247733021483,0.145285085681675,-0.847215851620208
"LYPD6",-0.151813550771173,-0.284052045691419,-0.676383071200921
"LOC100509894",-0.151347128648673,0.00998963565723151,-0.690866225971787
"ARTN",-0.14824169606624,-0.515086438854517,-0.657045561030542
"IL1RAPL2",-0.148172851936693,-0.204996750726695,-0.749500168627302
"TRIM45",-0.14738004720778,-0.454547291763791,-0.805053403387674
"LGI2",-0.147231146862524,-0.223542778187242,-0.628559052078209
"CYP4F30P",-0.147132178100584,-0.0490980824738327,-0.63920759068118
"LOC145216",-0.146788381446618,0.218491917856836,-0.672522121129289
"DLG2",-0.146361841249467,0.174629070809766,-0.625841557589829
"AUTS2",-0.14432588548196,-0.0809419184807678,-0.650426220110896
"LOC285375",-0.141421008015553,0.227458492395075,-0.634934004022912
"FOXRED2",-0.141268520606814,0.14243721441144,-0.880473826055741
"LSM7",-0.141243321617871,-0.280766752645741,-0.67035383051439
"LOC219347",-0.138561482309233,0.114593776827811,-0.76868452051777
"EPB41L4A.AS1",-0.13637729910961,-0.427843245255407,-0.754652777284702
"FAM66D",-0.136008484770808,-0.0633196250601971,-0.622761349524937
"PACRGL",-0.133831743831676,-0.0556789150939376,-0.723610433989877
"UNK",-0.13297963820945,-0.0936797239014688,-0.803505837111882
"LPPR5",-0.132541377054656,-0.28905253610317,-0.806676625712616
"LEAP2",-0.132421817813301,-0.17829266100196,-0.622377555822032
"VCAN",-0.131536890356376,0.0711543357366868,-0.820076854999049
"BCL11A",-0.131112089557321,-0.251567798181746,-0.742525739033954
"AOC2",-0.130273062848542,-0.315796791576789,-0.624936556265433
"ACVR2A",-0.128894758339968,0.379732081371146,-0.620978604051845
"ZSCAN20",-0.12866180671334,0.398826125897053,-0.682929369251166
"AQP6",-0.128452257771614,0.188289205460961,-0.80981030574122
"C10orf114",-0.126894783113108,0.484067101955245,-0.686267018259287
"LOC728613",-0.12564617714959,0.364154124673224,-0.821034843323821
"RLF",-0.123559392944565,0.180689032861684,-0.802337735794395
"SMARCA4",-0.122168867988478,0.12195814264652,-0.696841031324934
"TM6SF2",-0.118607262595479,0.0896540131185514,-0.651857772247803
"SOX11",-0.115073197749228,0.187168453302814,-0.74088421356804
"SPC24",-0.113567573423751,0.103146113191153,-0.654881543023891
"PDZD7",-0.112648338938108,0.0787442087975401,-0.785487045066328
"DLG5",-0.109762460029237,0.093285061323531,-0.896350416898012
"TRIM2",-0.109678743362224,0.297183572639234,-0.763868194301128
"LOC729234",-0.10840618838952,0.105720828996451,-0.613499772219418
"SMAD1",-0.107106060405942,0.227815839398532,-0.640408695417442
"MORN4",-0.101842660371811,-0.0323261196274954,-0.644790678329485
"LOC653712",-0.0995124819712748,0.256124109208355,-0.72617875315442
"CCDC148",-0.096601020687983,0.269306771739308,-0.655772043223319
"TIGD1",-0.0937748906092852,0.0273036137921107,-0.690951180081351
"DTYMK",-0.0909329981272556,-0.118798642691328,-0.728365855429075
"FBXL19.AS1",-0.0886105779081086,0.433786006727965,-0.685012259883818
"CRMP1",-0.0848838243737827,-0.0945215242100994,-0.612554790393657
"LOC100507421",-0.0826702859424893,-0.316525983395206,-0.623586057867373
"ZNF214",-0.081293318307099,0.528803419501731,-0.642347434448481
"KIAA1549",-0.0792535454261932,0.18010938169446,-0.903141034195119
"PGBD4",-0.0784947612639581,0.0856883313867514,-0.657631449598828
"GLI2",-0.0781880954549844,-0.226975583104119,-0.662943924081211
"KCND1",-0.0780232045197031,-0.367396954370815,-0.612090469276734
"RABL5",-0.0756211251466037,0.344985760758808,-0.681817705163374
"LOC100130238",-0.0746316218241533,-0.152389702302854,-0.634472210423625
"MAZ",-0.0737954256528396,-0.0229839667056448,-0.744842962310754
"KCNA7",-0.0729957752107809,0.305422379206342,-0.748637074157097
"MPPED2",-0.0716809943365116,0.0342311575185525,-0.619643233103957
"DNAJC18",-0.0704869075191386,0.00395441038215281,-0.70328213477915
"CHSY1",-0.0696122258180885,-0.233083068144653,-0.626987935216295
"FAM59B",-0.0690033716612623,0.18382913827959,-0.767994559549718
"TAS2R10",-0.0687204226969141,0.215905341818549,-0.648611212797915
"ZFP37",-0.0662531521085333,0.0115314197139099,-0.870644194670847
"LINC00514",-0.0659918293524927,0.276942899944486,-0.669576093926525
"SAPCD2",-0.0626965913647517,0.00763447243037971,-0.693733524217038
"RPL29",-0.0621937634912107,-0.12763375068798,-0.634310983765448
"LOC100506686",-0.0617420833040285,0.144632232877902,-0.618772467580269
"TMEM221",-0.0609013932185907,0.359144827419613,-0.644022078173041
"SNHG6",-0.0606660659112324,-0.0740564788717795,-0.735430295384377
"TAS2R19",-0.0584674930802541,0.0441177713014966,-0.753952082549494
"ZNF285",-0.0571743274020499,0.421165482088563,-0.767163603197398
"CES3",-0.0557542512580788,0.336865945568795,-0.613817185079645
"HSF2BP",-0.0548410608937798,0.00255151734376612,-0.716233055410204
"CAMLG",-0.0542356928508375,-0.4010731004763,-0.618331333767852
"ATRNL1",-0.0519239582752871,-0.0591773447819737,-0.706089989064462
"SOX4",-0.0507075406013383,-0.139193090471196,-0.688589262563049
"LOC100287015",-0.0499788552071948,0.118773567014651,-0.822220564662564
"EEF1G.MIR3654",-0.0462795801117549,-0.0820496807941905,-0.707950062270569
"IL31RA",-0.0451734027310814,-0.00475043893638223,-0.718904094032671
"QPRT",-0.0407329037888219,0.0748060374790961,-0.695414051370005
"AMOT",-0.0397228322231814,0.245930279224763,-0.637175277769486
"PHLDA1",-0.0396022213693591,-0.529987540054127,-0.693524251373152
"ETNK2",-0.0394974362224389,0.0732715954184135,-0.681104362912562
"ZNF786",-0.0381685714390009,0.00236323525712381,-0.780191658894022
"NREP",-0.0380033878978198,0.184236510444813,-0.872989863189164
"LOC338739",-0.0373814328082571,0.259545156232666,-0.729824953401558
"AMPH",-0.0369949542515051,-0.28172409301785,-0.764333049884584
"NEK1",-0.0354555308114525,0.275403576852378,-0.685128381072901
"DACH2",-0.033623370163325,0.0301377593910054,-0.799201808741356
"DNM1",-0.0324389382242132,0.0187075853203597,-0.734285537795683
"BCOR",-0.0322386009768595,-0.0372303419291752,-0.826191638031422
"GPRC5B",-0.0300366520212058,-0.118640427871812,-0.631448181393853
"RAC3",-0.0290711786928494,-0.0620584593816865,-0.646973687505562
"LOC100506548",-0.0271856639705417,-0.00911483825352993,-0.864473474373368
"REXO4",-0.0271271262462973,-0.279555713975595,-0.638868950023788
"LOC646851",-0.0256226752958413,0.162578686902702,-0.710683083051017
"DGCR5",-0.0230543145839276,-0.0192214240048859,-0.635173778036662
"PCDH18",-0.020922281943804,-0.288295361496905,-0.648649067475054
"TUB",-0.0208090606611165,-0.20799559917062,-0.843605662724631
"ASB11",-0.0205957569359622,0.145002413756179,-0.779424376320118
"SLC30A8",-0.0197093088551044,0.190519050136826,-0.612479219807887
"LOC646903",-0.0189098905795063,-0.0218875490513815,-0.786239525792213
"C8orf37",-0.0178067907247445,-0.0593251267907089,-0.697500906150118
"HIST1H2AG",-0.0174875411339256,0.0583692571537961,-0.724413137029569
"NHS",-0.0172449856521181,-0.255257820053364,-0.695755835269393
"ZFP64",-0.0168950699760234,0.0295423895539211,-0.746149875442941
"SNORD87",-0.0157703151666297,0.124066903544523,-0.690939074500539
"SEC1",-0.0141902864409661,0.0716454631528925,-0.752542306428618
"PRELID2",-0.0138103584247543,0.0789644991921196,-0.837266570744843
"LOC100130894",-0.0110878699181292,0.211664327095099,-0.638976050225441
"BOLA3.AS1",-0.0110497393159486,-0.242497047517602,-0.816165463144039
"C1orf54",-0.00974528435579283,0.14659275388294,-0.651112218916607
"ABHD10",-0.00949051822423755,-0.131571330861582,-0.71125056274251
"CRABP2",-0.00878448790986338,0.000210447840355021,-0.730718660076825
"FLJ41200",-0.00685709193362474,0.192264655041994,-0.742386080790363
"MESTIT1",-0.00613693469526445,0.147584921018426,-0.865465029123979
"NELL2",-0.00558103291586221,-0.251826098282141,-0.617403849165222
"SPTBN2",-0.00483226119064999,-0.0951516629053462,-0.626420271509256
"LOC390940",-0.00341093791058572,-0.177719229614572,-0.806178248883676
"RNF157",-0.00313861295493716,-0.208024228878567,-0.705323599461903
"FAT1",-0.00260151398724561,0.0196701613151865,-0.775796119503598
"LOC285696",-0.00256803236873189,0.299983051261748,-0.69873997554678
"GPT2",-0.000377351224764532,-0.104639082309858,-0.718213251941285
"NBAS",0.00111663257466653,0.220626409914669,-0.878407320894882
"ZNF512",0.00219851767471938,-0.34397792756213,-0.802852696887181
"LOC257396",0.00289496112147651,0.0433105821316895,-0.644150959515309
"AARS2",0.00371975508242519,0.0334533771193856,-0.655026911744187
"TET3",0.00398505999583821,0.234553658315021,-0.76442287367523
"EPHA10",0.00466898638585743,0.0962305958904159,-0.647317890775996
"PTPRD",0.00491563597483738,0.250060579104138,-0.802765210995147
"KCNJ14",0.00565379468997003,0.0734568004531712,-0.63990726295652
"FAM66E",0.0060979180743523,0.379642269840619,-0.619347982303919
"MYCNOS",0.00695171505350861,-0.0215268040826396,-0.728502759349319
"RFX3",0.00746268170288457,0.160500878225909,-0.787230977327922
"AKAP12",0.00787246648632969,-0.264974018758762,-0.734784556967345
"DBN1",0.0119964507134132,0.17552435028945,-0.768540932641544
"FLJ38576",0.0124540614713637,0.0429647159955062,-0.627722382514824
"IMPG2",0.0131701260221104,0.546042600034752,-0.637615658368763
"SATB2",0.0136352218558887,-0.302156115223382,-0.820060660953314
"FGD1",0.0138153903868765,0.0277991430613579,-0.85208631057399
"NPHS1",0.0150498335129413,0.0296209035592735,-0.647555859625915
"FAM171B",0.0150816948299748,-0.165783762930966,-0.68594180962059
"PPP1R2P3",0.0168326512224383,0.0791316958718305,-0.729530649270564
"PYCR1",0.0181408579058572,-0.0555833238246336,-0.686522352529409
"PCDHB9",0.0182311346033343,0.228040515060535,-0.789311383780748
"LINC00327",0.0184182674344834,0.237075719377933,-0.617868262249043
"DPY19L2",0.0258354594242796,0.0415236025004045,-0.621733862264539
"HUNK",0.0278860513860604,0.00164382919774282,-0.821741685806807
"PNMAL1",0.0302738530942999,0.0410947910480307,-0.626353249730045
"LETM2",0.0311196914183517,-0.218667137744578,-0.657038451551209
"PABPC1L2A",0.0322219474444951,-0.143766780274823,-0.658368981101086
"ADAMTS3",0.033794863327698,0.239290334208997,-0.850234777217679
"LINC00515",0.0344846914637975,-0.0271713789458098,-0.76961353825217
"SBF2",0.0350264669394461,-0.0988912815683214,-0.676329380376332
"ZNF696",0.0371418010623676,-0.0461593753739067,-0.676040811455602
"CLCN5",0.0380879247409262,0.0866222135262431,-0.660969811822175
"ZFP90",0.0410714633274979,0.458123598200066,-0.728211979307054
"NRM",0.0438168168972127,0.328729743907844,-0.67272885643793
"RPS8",0.0478613080863837,-0.180620735087258,-0.802586149677382
"LOH12CR1",0.0486288505034934,-0.057066722265864,-0.616356912351991
"TSPYL4",0.0492188623523005,0.38740881863833,-0.630822825793275
"IGDCC4",0.0496375862138195,0.295158331180825,-0.87384280983871
"CYLC2",0.0522537590884986,-0.168373060089625,-0.648198247660642
"ANKRD31",0.0544965681993426,-0.0883357842495323,-0.827191843728908
"MTMR4",0.0546433421992114,-0.0218675366043261,-0.688863281847064
"PTENP1",0.0555651486558972,-0.041337982288528,-0.730705297289481
"ZNF581",0.0557198783375831,-0.19551507388717,-0.689793893684054
"ABCB4",0.0559037774171604,-0.340178481854918,-0.62742290692396
"PIP4K2B",0.057162329321644,0.211069822711225,-0.747570422669788
"ARL9",0.0580239642188285,-0.276908696999184,-0.634895104389671
"ZNF606",0.0583881404697637,0.434892890976251,-0.785165775357563
"GNE",0.0585189656529473,0.150339870592915,-0.655585914442708
"MTRNR2L5",0.0598438096843592,0.106963097129179,-0.621377816177368
"CPT1C",0.0601852459572975,-0.110251635991309,-0.675426992163141
"C2orf63",0.0603656895999861,0.150546346941589,-0.762939734026427
"ANKRD52",0.0608373814673393,0.161293656774664,-0.618083834308122
"ZNF521",0.0622149666312959,0.498771046656707,-0.671432015096189
"NAV1",0.0627332553709062,-0.215603988822179,-0.701295289344056
"LOC285954",0.063919310160228,0.0842289693170911,-0.759459012163004
"NRK",0.0642316801900719,-0.110459885698865,-0.707435135917404
"IP6K2",0.0645736499468469,0.273244402682655,-0.710607248375334
"CRYBB2P1",0.0647360192226738,0.028562099531185,-0.644531031267216
"GLYATL2",0.0663303639043188,-0.166155329102487,-0.785493038346133
"FANCC",0.0680937001225371,0.462817826797225,-0.610320624004055
"DNAJC27.AS1",0.0686213006481446,0.269372525921029,-0.874986086841897
"COX6B2",0.0690728814453331,-0.0858810238272972,-0.794038846837121
"LOC728723",0.0720824719876549,-0.182903802868635,-0.739571518976183
"FLJ37201",0.0725480415961552,-0.316895218337806,-0.616744788705418
"TCF3",0.0733108147085805,0.101438386155583,-0.842011403970567
"SMO",0.0733158263128921,0.0272195697571943,-0.923885896124975
"LOC400657",0.0735378790646661,0.266227824001038,-0.655206305157291
"MTA1",0.0740704102341119,-0.0942269674936433,-0.723887477016211
"ZFP30",0.0773761628598042,0.509910330897562,-0.705735863615937
"TEX9",0.0777421570805508,-0.0127800341810725,-0.657383327974025
"KLHL14",0.0785126772597442,-0.0977145735778308,-0.612328720087808
"MARCKS",0.0785414963957492,0.217161831826275,-0.804515513533196
"CABLES2",0.0804473885732505,0.0455057941564007,-0.776314451872631
"HS3ST3A1",0.0805941057404937,0.334743945597861,-0.622100625229813
"LOC100130000",0.0842249635824956,0.126676936785392,-0.658619459026453
"SNORA47",0.0844940525610683,0.199845655390867,-0.614226678577865
"D4S234E",0.0845427732321352,-0.208943525092586,-0.829538155476844
"LOC283856",0.0856329660977053,0.22609004797758,-0.863288590130903
"GRIK5",0.0858309765262839,-0.125107679321294,-0.625480199963294
"FBXL18",0.0861614107330713,0.0173476964372985,-0.763407882029416
"FLJ46906",0.0867923154052201,0.069424395331615,-0.630732342057883
"ZCCHC18",0.0878326266226093,0.108605138940022,-0.654909012045772
"PNMA6C.PNMA6D",0.0890385056704055,0.0173031075118742,-0.710316057420494
"MICAL3",0.0908351851818491,0.265251735858019,-0.769225297108907
"STK32B",0.0928522194800713,-0.194833761848949,-0.664970223473284
"WDR88",0.0938169384545323,0.102822623265393,-0.795738896485415
"SYT13",0.0938451915069377,-0.105137868766646,-0.625697049232643
"LOC144486",0.0938619738640237,-0.132876853639274,-0.742834611975321
"LPAR2",0.0943393952260273,0.13322004565084,-0.636101173486552
"GTF2IRD1",0.0952751609982523,0.168587007466242,-0.664295655801539
"SAMD13",0.0962267681900466,-0.161020178045773,-0.763142726298085
"MIR647",0.0965563671988986,0.252822358427199,-0.730212407605743
"RPS2",0.099142181184123,-0.0546642073385228,-0.660572736577833
"RNF150",0.0997359092462063,0.41164788144049,-0.839144530305338
"C11orf95",0.104639244114248,0.279905961199258,-0.734475621154352
"PODXL2",0.107916351063618,-0.0619564761582288,-0.639674106442168
"LOC100329109",0.107985242929984,0.438240233827359,-0.665015684231625
"NCS1",0.108504755083377,0.0848737720368861,-0.646887434975284
"SLC16A9",0.108852232633127,-0.0406191648721544,-0.792989531924642
"TONSL",0.109170017789369,0.0493875104246391,-0.778259786838988
"RND3",0.109361034690674,-0.402428783511349,-0.727923915309835
"FLJ42627",0.110146452002966,0.0646061155735472,-0.757654122295655
"LOC100286844",0.110880966512601,0.178777884525178,-0.812414591145362
"FNDC4",0.111358008238627,0.0872113109446531,-0.648034597410914
"ZFP1",0.111601169900432,0.124828625017561,-0.827058524957808
"CPA4",0.111666552858283,0.227414234780465,-0.652534180128147
"HS6ST2",0.111694899007332,0.211264216150994,-0.700221352583662
"LOC100131551",0.11220995208602,0.133716332543857,-0.665720137706145
"ASTN1",0.114148971422709,-0.166464033322186,-0.642595634787585
"EFNA4",0.114326656914746,0.0325693798396527,-0.777239746164545
"ZNF420",0.114842499483823,0.539555298831274,-0.658189215319807
"LOC100128881",0.115340529901413,0.129257308943031,-0.691050853348401
"LOC339975",0.115709139765548,0.0710617426084631,-0.621189602302467
"PABPC5",0.116662813177571,0.146465047678113,-0.854148309352224
"SAP30",0.118518619387067,-0.13561158664652,-0.616425758700627
"ZNF385D",0.119444788930298,-0.132927603113733,-0.622566845887959
"EPHA7",0.119525549061163,0.259520914666097,-0.769953042462062
"FSCN1",0.119901673554182,0.45715970347703,-0.617403462876811
"TTC23L",0.120115662762685,-0.125000042443425,-0.723257997664328
"TCF12",0.122261108228167,0.0568855929954142,-0.797799309378224
"LOC731789",0.122340048356274,0.0301212360356524,-0.682760361123381
"MAGED2",0.122677223103743,0.629463587016799,-0.66810405298763
"SLITRK5",0.123555818377086,0.153357288138598,-0.705207744764366
"KBTBD6",0.123751597309373,-0.0556880613002419,-0.825911254503621
"C22orf24",0.123839448808392,0.284666100766261,-0.672311180937335
"KLK4",0.124271473782782,0.366447415536629,-0.650015257606945
"MTG1",0.125812976010678,0.163137700131408,-0.768687154656656
"GPR156",0.126286100157194,-0.126388354173803,-0.870997421804167
"LOC100190940",0.127431008049017,0.168477301667913,-0.665755944434571
"C19orf48",0.128188972144532,-0.0882880225437004,-0.786899762583025
"NLGN3",0.128433379193407,-0.109646219980959,-0.687747267249717
"CENPM",0.129308051632206,0.00257635085353927,-0.760161299565952
"ATP7B",0.131038476892282,0.326479089173419,-0.652009178653334
"LANCL2",0.131917915569848,0.364244231053658,-0.71089944997373
"AP1S1",0.132881042719221,-0.331086892392069,-0.76851956096411
"LEPRE1",0.133609797977717,0.0191816794934607,-0.798392967459109
"FLJ32224",0.135082214620547,-0.115827358304678,-0.669102982003999
"ANKRD11",0.136372291836205,0.0253454554676601,-0.762634070348508
"FTCD",0.136435142691322,0.00401052918045388,-0.621842090881018
"RD3",0.13939054953805,0.120680569360859,-0.672106911041304
"TTC3",0.140510896789454,0.472412203406717,-0.658898332485009
"PDE6B",0.141565162454218,0.322457117246452,-0.732822514188948
"HCAR1",0.141569907215891,0.107416290235591,-0.630810032187247
"H2AFX",0.143391869310583,0.142386231770695,-0.757180468065501
"ZNF555",0.14351138477515,0.596861286537502,-0.684027869915533
"ARHGEF33",0.145276980339934,-0.0464725643963003,-0.665611680223014
"RUNX1T1",0.146270006082047,0.231636180768877,-0.705930040385719
"SNORD38A",0.148984897300112,-0.216686199175748,-0.745444884127826
"STL",0.148988322109104,0.229831361588093,-0.663877830784079
"TTC8",0.150278935198086,0.331494956318,-0.741259888757469
"GNAO1",0.150931254689401,0.0951007879362597,-0.684880519913004
"IL1RAPL1",0.153112030037997,0.286297307513878,-0.760568947946108
"RECQL4",0.15349933693916,0.0374698171682022,-0.812527877801031
"ZNF425",0.15501450322218,-0.183038946882262,-0.742475546298989
"SHF",0.155288901877916,0.0762312067723426,-0.910107464234191
"LOC149773",0.156469468290787,0.123508703472627,-0.722255483223487
"SOX12",0.157880642097031,0.193086201676539,-0.816398675489625
"MIR1304",0.158081700346537,-0.0419447100663054,-0.655540509424796
"FAM196B",0.158107622556592,0.404390079218525,-0.61909079091754
"PVRL3.AS1",0.158708203033925,-0.0570585865053744,-0.735466767665667
"LOC100507032",0.159248989486687,0.170756666298854,-0.695816180718959
"LINC00246A",0.162572354886049,-0.235450766786384,-0.638131076475699
"MARK4",0.164564105223655,0.122669198778228,-0.688724159530068
"F7",0.164812722848009,0.312074909728244,-0.71651158150023
"C14orf23",0.164911114223067,0.130384646075576,-0.713628407063313
"EMX2OS",0.165460740281371,0.135680011571742,-0.701102063364191
"C21orf56",0.168490657156449,-0.0411425069093045,-0.661726259877924
"PDC",0.16908415432316,-0.113121297972927,-0.694536977769371
"RFPL1.AS1",0.169337945518211,0.208419575446075,-0.704252228439931
"ZNF610",0.169535762564192,0.488739846954402,-0.730678766153615
"RCCD1",0.169979732857212,-0.0839405790742242,-0.7851513774951
"C20orf203",0.170871760780633,0.236348713134106,-0.690737992856158
"GNB3",0.1714698939316,0.0938079594285085,-0.623318900375519
"RPL13AP3",0.171814371463355,0.0916524070718573,-0.738047995532926
"ATAT1",0.172096254681916,0.264397903253707,-0.723235632018125
"SYNDIG1",0.172545930008903,-0.0107920845497049,-0.648571659916066
"LOC100129845",0.172671105012365,-0.129194620719061,-0.812313288551313
"UNC80",0.174806929191021,0.0230399865742885,-0.668145320507965
"C20orf152",0.174828628760495,0.219072297454374,-0.643362740290862
"FBXL7",0.176319188710741,0.171490707969579,-0.820075354595395
"DCAKD",0.177000107475644,0.146178798385476,-0.756134609734271
"LOC389705",0.178433674446233,0.0382606186646253,-0.719850491151923
"DHX40",0.178501553475422,0.0989551323705235,-0.763131108817238
"SNCA",0.179238168452025,-0.244001953676262,-0.732454408920276
"KLF12",0.179977156957524,0.407199148348281,-0.730961610281139
"ANKRD13B",0.179994351222708,-0.179033042769287,-0.636520110928332
"GCKR",0.181390573414538,0.133339012791927,-0.771128110978673
"LOC100507156",0.182036325757783,0.166583047297222,-0.869531708117601
"SLC16A2",0.182847255897825,-0.0274699968404638,-0.704542064722068
"HIST1H2AE",0.182964302483943,0.0721789088674158,-0.621649846915308
"ALG9",0.184106433026208,0.349993619824874,-0.652434229133362
"LOC147670",0.184376292381299,0.232582423952449,-0.812077139606678
"L3MBTL1",0.185122603649828,0.226590340325815,-0.687918900444868
"ZNF827",0.186066884381355,0.276000508265527,-0.741861631633103
"KCNIP4",0.186969549198057,0.197381207988965,-0.641966677088167
"LOC100507218",0.189420922831069,-0.0543990634693943,-0.668941433946898
"RP1.177G6.2",0.191274972046534,0.138149184143871,-0.641005667792772
"FAM184B",0.191355053279495,-0.0886494057555093,-0.737522100311419
"KIF7",0.192534518011257,0.187203657318651,-0.766564843005793
"LOC100133050",0.192570442656655,0.21568328058045,-0.643767550540853
"SPAG16",0.194054227455155,0.0916322300918822,-0.637321459936529
"GPR173",0.19569682627777,0.0672768554202981,-0.77482327911013
"GPR179",0.195708814760433,0.158469872671455,-0.614203896876053
"IGSF3",0.19672452785107,0.028419069455626,-0.713679964213396
"CHST5",0.199934425619405,0.160032074509595,-0.696981264706519
"ZBTB12",0.20067881842646,-0.0363704103734187,-0.88499881897381
"LOC256880",0.201406284591765,-0.0214183372814137,-0.650382694139317
"LOC100129534",0.201690453635024,0.194504184967211,-0.87601506588672
"GLI3",0.204211584641143,-0.177808915926225,-0.74054184554753
"LRRC3B",0.205333332065878,-0.0618738659752523,-0.765859838822224
"NAT8L",0.205402840144023,0.00310273383453645,-0.697430915226569
"LSM11",0.205780792086315,0.264509221105664,-0.722563115639222
"OR51E2",0.208051731481356,0.110821515715137,-0.63416121535338
"C9orf123",0.208993622022846,-0.189096002240293,-0.723719134759916
"FLJ39534",0.209854489818464,0.213311672600513,-0.841214373912645
"STK36",0.211908237840231,0.287974475394832,-0.64575244560364
"LOC100289495",0.21194652353534,0.0501964092621988,-0.804588740164423
"PJA1",0.211985901841866,-0.00230863100485152,-0.82949887588863
"GUCA1B",0.212339305507131,0.084110784460951,-0.892063685719777
"FBP2",0.212834268184849,0.109663737836198,-0.628594912017905
"LINGO1",0.212888363580308,-0.0963279937224047,-0.772001401901087
"MDK",0.213027191505472,0.209107399448175,-0.62582344084138
"C17orf48",0.213618321274101,-0.161183796191976,-0.610524194189786
"PTPRS",0.214640267772693,0.0891147737724115,-0.651903571323819
"FAM71F2",0.215911076870356,0.386800784935401,-0.675569734952133
"C17orf61.C17orf61.PLSCR3.PLSCR3",0.216965533333907,-0.0527965864935977,-0.615788573690202
"LINC00320",0.21750490267654,0.0725008812571868,-0.753073355219475
"FAM196A",0.218266341950992,0.154400553399826,-0.709222772502203
"GALR2",0.218269695363116,0.319325246680393,-0.65932761771259
"GLI1",0.218278245512887,-0.0397349221948085,-0.685441799893751
"LOC100132215",0.218690118087264,0.0801814603283072,-0.757507293926387
"EFCAB3",0.218916063490908,0.0939281371888597,-0.632092173890211
"C2orf16",0.219428521784054,0.250018514714225,-0.705640330723707
"LOC650623",0.220030235157247,0.249296078977753,-0.705396457690861
"BACH2",0.220435685772129,0.500520666144758,-0.62773023010637
"GCK",0.220665279422703,0.0337247795991588,-0.762725005285476
"MYO5A",0.221634596085148,-0.12406421558476,-0.718136272316075
"LOC100507203",0.223549326719155,-0.00882594583884838,-0.665330123865377
"FAM57A",0.223847008249106,-0.122980110253557,-0.786161892888767
"BMP7",0.224436858076634,0.334191840117421,-0.724658561388447
"KCNN1",0.225042433380392,0.0638950438402195,-0.614699141971143
"LOC100130705",0.227276347891727,0.523203145936021,-0.620161671308261
"NT5M",0.22814224894917,-0.159205773524159,-0.689542410033937
"CLK2P",0.228487033126673,0.229672952127731,-0.708178733754767
"DKKL1",0.228696176412883,0.0201265526944001,-0.683094845762277
"GRK4",0.228855594116169,0.325907290378618,-0.67836154531623
"FLJ22184",0.229369944191559,0.007072669310135,-0.755411853999906
"COL9A3",0.229831359939955,0.175581749895791,-0.754823239284394
"CDH7",0.229973948920356,-0.0478080157059271,-0.758289613632221
"MKS1",0.230581125137962,0.471559822182445,-0.64104176350849
"FAM123C",0.231082440810552,0.158288865143534,-0.725833509558895
"AMZ2P1",0.231325614450047,0.140114249084482,-0.654130029961406
"DNM1P46",0.231480779309423,0.24387938372031,-0.613955603527218
"ACCN2",0.231735883573513,0.0327986685559387,-0.626798842064722
"MEST",0.232823884172297,0.101540984835749,-0.884003649352729
"JRK",0.233241350293402,-0.0313373571950672,-0.67977026400405
"PTGFRN",0.233711951274597,0.336526330943313,-0.730360634104515
"ALKBH2",0.234079832578915,-0.440595543666958,-0.726193003554136
"LOC100506321",0.234472151438126,0.227510467686495,-0.676327028323565
"MYL10",0.234569286178127,0.142812146246587,-0.666336326066805
"TSPAN5",0.235052866541759,-0.0349819770531184,-0.72814869599244
"GPR12",0.236490149547769,0.0886520600079367,-0.6266918597354
"EPHB2",0.237545123572899,0.0917076216312717,-0.69011303332206
"LOC645212",0.23840907737535,-0.082783221004248,-0.69449731857821
"MFAP2",0.23904352694924,0.151871078485263,-0.850584729625091
"C12orf53",0.239473903853257,0.0354596402058541,-0.651749727743406
"ANO7",0.240468453689581,0.123448733972366,-0.781618031895571
"THEGL",0.240965182283779,0.00771202452816814,-0.644717574251978
"CEP41",0.241307412064122,0.159989173762806,-0.886363914174028
"PLCD4",0.241942915172394,0.0738381879878022,-0.731822994928863
"UBE2O",0.242245727181376,-0.0619095956379443,-0.675161184073093
"DGCR9",0.242479057836998,0.0196876892795017,-0.615236244816674
"SRR",0.242512186524355,0.466416466776314,-0.610601331707108
"CDH4",0.24380685413402,0.0672723307893393,-0.796918570466997
"PAFAH1B3",0.244688855842238,-0.0164695619779975,-0.804495641949927
"UNC5A",0.246122856134864,-0.158897854432202,-0.635913244597884
"LOC100134713",0.246172522992762,0.0504779390412179,-0.631647710648165
"LOC100505933",0.246662775093284,0.147594982710144,-0.750200819204055
"B4GALNT4",0.247090522213888,0.134275458051361,-0.731263864587334
"C21orf37",0.24745653616693,0.253834422470197,-0.621822288913381
"OPRM1",0.247799369882683,0.19135112238093,-0.621410913713139
"KCNAB3",0.248065068652831,0.161885892548451,-0.701580024692582
"FAM178A",0.2490065851522,0.277227780872809,-0.708252212128336
"CXCL14",0.249222941494486,0.302839334417016,-0.618893963893039
"C11orf41",0.249429096622866,0.0571227201887432,-0.638957899020466
"NADKD1",0.24979068185347,0.199194235219512,-0.766182714094492
"CNPY4",0.249983238078106,0.133624657856365,-0.726410130423117
"FNDC8",0.251739320854206,-0.0742752768100836,-0.811409222784034
"GPR161",0.253415572784953,0.391504075221103,-0.645626301233009
"ABCC8",0.254130721732661,-0.209370959078751,-0.681645474202233
"LOC386597",0.254673617171613,-0.0604246032017205,-0.81425121943931
"CNTN1",0.255843426507624,-0.0176768252036973,-0.775815211484122
"NYAP1",0.257222117490758,0.140818910774717,-0.612699669432492
"LRCH2",0.257439338520532,-0.14874339368853,-0.713316349072067
"GRIN3A",0.257507386438223,0.0504062759473246,-0.627922277980696
"LOC100133091",0.257653968761626,0.273905702282284,-0.716691715908238
"LOC100268168",0.258885015911541,0.150155283979484,-0.697306761349934
"EFS",0.259440940494134,0.249299606527445,-0.810175290788804
"C9orf4",0.259919095904608,0.0826351795172877,-0.619416622283768
"OPCML",0.259926765028119,0.0653147866199878,-0.694976737911828
"GK3P",0.260827471052201,0.0522587738658257,-0.647211117262409
"PRRT3",0.261216064688896,0.149792182180079,-0.810280287957064
"FKBP10",0.261514933027374,0.0602279280060909,-0.718352322671197
"CPXM1",0.261574126615072,0.0944142649195847,-0.657836968073988
"SYT7",0.261910118375349,-0.11930757753872,-0.672602624036265
"CFL1P1",0.262476384496039,0.129705475447036,-0.653069130747188
"ZNF423",0.263265996688099,0.00313929433957712,-0.810443952877948
"MIR1279",0.264464210295124,0.138530182565776,-0.693208132790651
"CSRNP3",0.264889716783983,0.139230078994428,-0.794915826877804
"QPCTL",0.266096444401167,-0.134146779997636,-0.721551893461535
"LRRC20",0.267028242408896,-0.336556028995287,-0.697902593840969
"LOC100129269",0.267080686019753,0.208149151257751,-0.728702239123335
"IGSF9",0.267387945227813,-0.0576893213330098,-0.752636726425078
"KCNJ11",0.267598166139564,0.00682359019541576,-0.682851577932286
"MMP10",0.267599002748398,0.114008000929774,-0.624821790377578
"COL11A1",0.268178272182147,0.0914331339547169,-0.628299424288598
"TBC1D16",0.269828081190193,-0.102907467189802,-0.67479722121611
"NARF",0.270380800880274,0.00613652134679206,-0.622680969886488
"LOC283731",0.27045254729489,0.154961773251812,-0.758075385738834
"DPY19L2P3",0.272117894799811,0.00803358498178342,-0.706296489432716
"LOC100129620",0.273077540155663,0.203849955031242,-0.747810182030667
"ADAM32",0.27471064280768,0.314664744325364,-0.700895616482712
"LOC729683",0.275365373548,0.320179014254404,-0.775955845213616
"FP588",0.275783974194302,-0.102403280164386,-0.715115020568861
"EGFLAM",0.275944067274697,0.426191676528082,-0.645381039902313
"LOC339240",0.276255178503898,0.125711231102749,-0.650216292830149
"MMP11",0.276303266125322,0.144991885412422,-0.63876332515021
"FBXO24",0.27694601405357,0.0611785274001531,-0.685977390877702
"AATK.AS1",0.277420914311313,-0.0266025785094505,-0.718446587993212
"ZNF491",0.277702378594063,0.279903778706848,-0.653798421717212
"LOC728463",0.277870255683325,0.23630819259198,-0.625346437159871
"ZNF624",0.278777282273688,0.340781742103931,-0.742631398941512
"KIAA1875",0.278821217339596,0.265878602812774,-0.725894928899526
"TCEAL7",0.278826436769142,-0.017930115656772,-0.636090497298463
"OLFM2",0.279028436848804,0.0215790805142188,-0.616698098918109
"HDGFRP2",0.279492869703473,0.137958297260262,-0.774975452718439
"LOC100128239",0.280893546239022,0.10811825193925,-0.701453520365899
"ZNF287",0.281083294874181,0.252076483288845,-0.702841837497001
"RIMBP2",0.28224443365556,0.392093599630898,-0.807731091132983
"LOC642852",0.282322919383555,0.289159636612349,-0.770243563084362
"KIAA1656",0.282894256211942,0.139424678325075,-0.747976440769836
"ARHGEF9",0.283490384798022,-0.210007014139894,-0.760019876158978
"MYLK.AS1",0.286010697331525,0.172173161567848,-0.644729674133067
"ARMCX6",0.287546072705056,0.287328006951371,-0.720309613225517
"ARHGAP39",0.287978138688547,0.282951535133698,-0.649762211202183
"DNASE1",0.288387651213471,0.148327900898504,-0.86691125374291
"TPT1.AS1",0.29023565174387,0.448715519895699,-0.68283214067212
"PCP4",0.291160257407963,0.0442137856446126,-0.649221273074224
"LPHN1",0.291339048212037,-0.0276863447957464,-0.726504158618909
"PP14571",0.291962755327318,0.12066307850681,-0.617189024505181
"TMEM200C",0.29208486876366,0.102271166587174,-0.695846693816472
"FLJ43390",0.292730489955434,0.186306681712264,-0.754845900509334
"DRP2",0.294232779914386,0.123253826915947,-0.708042304277666
"CCL27",0.294253834747673,0.12913214293688,-0.632600044496928
"STOX2",0.294486155352799,0.0624083372450212,-0.809077136003056
"LOC100130417",0.294637489676275,0.392379307855782,-0.673105538885492
"GPR1",0.295914698886522,0.0746724009794422,-0.723033412972214
"MIR1260B",0.296706963136077,0.123455016783905,-0.611495433743865
"FAM66C",0.296952353530476,-0.0500258189431858,-0.872939867092476
"MEGF8",0.29789358983684,0.175681218939704,-0.730155351068161
"TNPO2",0.298324363538271,0.196273373102657,-0.631634490878777
"ANKRD16",0.298732503818412,0.105796347360564,-0.717136013876789
"ZNF275",0.299355240701847,0.239826476710113,-0.702325949849223
"ELMOD1",0.300002303378891,0.0407512516563851,-0.71170382392347
"KLLN",0.300767398206518,0.205843961211767,-0.700128306828705
"SNX32",0.301213528349869,0.0014712962890654,-0.649830497993642
"KCNIP2",0.302648472562548,-0.0318800597121359,-0.702138042048306
"RAB9B",0.303358700010479,0.0780341490126831,-0.617181011837007
"LOC100128531",0.303553373864426,0.212209001930763,-0.717426187687905
"C4orf39",0.305503250066596,-0.0932692928812758,-0.767622433819153
"AANAT",0.307110957761431,0.101412089535376,-0.788989517693555
"RNF165",0.307258639441964,0.0921791068671842,-0.65445684312219
"C8orf51",0.309150238469169,0.179925099101813,-0.776355041000457
"CXXC4",0.309238462337757,0.0205705828728963,-0.767383573261662
"LOC100506068",0.309310049269273,0.105398192044089,-0.662967293986147
"CYTL1",0.309685488418046,0.0509622025383738,-0.78620970136566
"EHMT2",0.310164990817002,-0.314980415812195,-0.652077259244352
"ARL10",0.311347131965022,0.254489751441825,-0.793603785968954
"MBTPS2",0.311945207108095,0.424838608122352,-0.706529536464535
"NEFH",0.312302556296008,0.07417126853969,-0.798730091258774
"FAM19A2",0.312541862096005,0.0717512600957598,-0.701699957591153
"SNORD32A",0.312563164777755,0.255070425320207,-0.745102082670356
"LYSMD1",0.312702287845626,0.305414153904946,-0.855270404071412
"LOC100505679",0.313201726482548,0.238751787629499,-0.612099223081767
"SCN3B",0.313636289826184,0.106214692994932,-0.644493518704113
"ARHGEF7",0.313737072037788,-0.2327607841212,-0.712700528155137
"CLIP3",0.314129075739224,0.110202691832164,-0.651848667475092
"H1F0",0.314387524438775,0.138620739911277,-0.781077889103373
"PREPL",0.315495694410847,-0.0629799650448511,-0.709615111365212
"LOC100506757",0.31828375800801,0.183111752201391,-0.724569855452666
"ZSCAN1",0.31890860943056,0.165281735293171,-0.657517464536319
"KLHL34",0.320348131117736,0.0887690332596784,-0.687294927142141
"SHANK1",0.321546988745504,0.0886189838190841,-0.651342331824565
"DIRC1",0.321916891803286,0.158850488565874,-0.684262903465385
"NKAIN4",0.322086364297682,0.0981850204765744,-0.635797353229331
"LOC386758",0.322420408330839,0.0123816575886641,-0.626483851699517
"JAZF1.AS1",0.322694217737332,0.0617720173167183,-0.692134201165508
"ADAM11",0.323660350470378,-0.0689769220989325,-0.814434890200418
"ATP1B2",0.32397824509606,0.0792669537710171,-0.683684158145164
"ZNF774",0.325456427318165,0.27771802398415,-0.6428566518525
"OLFM3",0.327182894568368,0.101427352418618,-0.693750990766442
"PI15",0.327199655112032,0.0994383130206306,-0.612940948267482
"C20orf144",0.327917927280028,0.0848717066020905,-0.626112931648085
"RHCG",0.32909406264562,0.0831148443950575,-0.645458616684674
"MIR4442",0.329297254896358,0.167831996347612,-0.616347255386386
"CACNA1G",0.329804555610175,0.169143728198761,-0.652637153699666
"ZC3HAV1L",0.330635694795586,0.178152910590677,-0.611802169896378
"GNG2",0.331157960579446,0.146388117299205,-0.615289925561319
"LRRTM3",0.33143729999719,0.112789523377869,-0.817384943235508
"C10orf71",0.33228032336267,0.17651177665961,-0.662386639458119
"NRXN2",0.332493921259615,0.0726297555800855,-0.617923300999917
"ARMCX1",0.332587751122604,0.18264005332255,-0.741732789424616
"MSL1",0.333036886566227,0.0290876010833667,-0.762394311129954
"NPW",0.333694509456015,0.112471523404453,-0.648957144505301
"FAM120C",0.335182103449125,-0.0973625851003034,-0.733290115615861
"MIR3648",0.336512021359278,0.117499776865043,-0.613970554480098
"MDM1",0.336786776895587,-0.136292176369172,-0.661359411433531
"LLGL1",0.338408351669577,0.0997074624020822,-0.656932237218976
"LOC100506668",0.339048189170604,0.135663899089123,-0.727912436387745
"GPX7",0.339061241712833,0.221871610557845,-0.748941367802174
"LOC148189",0.339471153534064,0.152724979772355,-0.82053191533857
"GOLGA8IP",0.339503511267734,0.176566630893942,-0.667472368599355
"SDK2",0.339860164806851,0.114952225085863,-0.708793499255227
"MIR4292",0.33989029201702,0.14004987941604,-0.640515725107618
"C1orf229",0.340165481468988,0.147913945736683,-0.759392087566823
"FLJ16779",0.340700325008708,0.114879079544052,-0.662127024638883
"LOC100288346",0.341398526551459,0.118184784655824,-0.635069565074474
"PCGF2",0.341503169782228,-0.00350907297925538,-0.669055389076334
"DCAF7",0.341562539506413,0.172073925711557,-0.689763657427756
"MIR637",0.34166476184594,0.245812544375364,-0.756958427275793
"SPHKAP",0.341879687567825,0.324326983163799,-0.688959491372816
"NPTXR",0.342094310259634,-0.0197228530484033,-0.674824448309892
"LOC100131208",0.342717633791574,0.115108995338784,-0.63307146785874
"BAI2",0.342895562792508,0.0912279063449351,-0.72787950876694
"MIR2861.MIR3960",0.343141483048252,0.112469391148041,-0.638201621935234
"DNAJC12",0.343586678403626,0.063211025800039,-0.622326999799471
"C6orf48",0.344296029131689,0.037512142065935,-0.745285242434265
"SLC4A3",0.344553847980459,0.131436863507021,-0.666476986474523
"LEPREL4",0.344637274577585,0.120285506250018,-0.733777140821723
"EDN3",0.345099820838998,0.170984657119345,-0.644465796429827
"ICA1L",0.345873952943723,0.160269349012451,-0.768900873289962
"CSNK1A1L",0.348009029625698,0.20534514601045,-0.624446124978067
"B4GALT2",0.348359050740511,0.0810320349960872,-0.627650050230318
"SLC38A3",0.348769731449965,0.121030339540306,-0.674437240404028
"SNCAIP",0.349769354565971,-0.014041189231838,-0.723742952715579
"NGFR",0.3500721603681,0.0683396999312577,-0.723063137731263
"TMEM72.AS1",0.350075534485745,0.203521041215912,-0.637823615603815
"LOC285819",0.350147303489861,0.0497930212269737,-0.712121849839266
"PIAS3",0.350154593315038,-0.0350055187782247,-0.656700941653714
"ATP5G2",0.350797194438079,-0.255070454880552,-0.644354549456024
"WEE2",0.350904678426437,0.036512739837451,-0.696979849350999
"MIR186",0.351012670435053,0.195210406082781,-0.664877645251834
"LOC401127",0.351314225809299,0.158039904295927,-0.790689312787507
"PHF21A",0.351884968788994,0.0243344425256921,-0.70758052257392
"LOC284889",0.351930193734195,0.122521321974203,-0.634869533478291
"PSD3",0.352523387661593,0.0876893566513872,-0.786953297290453
"DNM1P41",0.35270635481884,0.0871802850477974,-0.678252144809513
"ADAM12",0.352717654404053,0.118619108578799,-0.613827949789248
"MIR3918",0.352912390586248,0.14570907159956,-0.67421053792975
"DUSP15",0.353298133743335,0.116829147622415,-0.689242550626631
"CSMD3",0.353949668412295,0.215064071517704,-0.70309076572208
"MIR1914",0.356043515367237,0.0555872739029804,-0.747431818438959
"METTL12",0.356121423596443,0.0362346180256163,-0.778675825702431
"MC4R",0.356504537197971,0.159199493979669,-0.711483055408154
"TRIO",0.356685578310351,0.147819140112547,-0.660600364560932
"KLHL25",0.356937860973635,0.0519270689112987,-0.627806374902642
"ESPNP",0.3570133138369,0.142650122623784,-0.616039426458068
"TMEM35",0.357946605946939,-0.00464354384876332,-0.625963628301789
"FAM168A",0.358136181948173,0.240706812846065,-0.650718302994633
"LOC400940",0.359227589389759,0.129521917792157,-0.629216455805971
"DALRD3",0.359238682163231,-0.0933161392343178,-0.716557047299641
"TIGD7",0.359560012466101,0.18441189711536,-0.783606583152416
"EFCAB7",0.359606875675927,0.439970466026137,-0.644743030886345
"DKFZP434I0714",0.359740943781166,-0.000911945805009346,-0.783605491623273
"LOC415056",0.360351393705043,0.163306937532793,-0.616713532357079
"LDOC1",0.360430779229016,0.0355963938285677,-0.857770079084985
"ZDHHC8P1",0.360576956553693,0.177071556612202,-0.674137809314538
"ZNF404",0.360715681061245,0.1807974188784,-0.75290963940764
"PM20D2",0.361599896721385,0.070895319168841,-0.785192966672298
"SRGAP3",0.362050706255314,0.0968993352656501,-0.633325580517615
"NTN3",0.362507937933755,0.189077954526352,-0.660271144773604
"ZNF536",0.364461427533264,0.101096329921882,-0.61915258445018
"FAM171A2",0.365528736340309,0.144578830541187,-0.690254535787043
"BRWD1.IT2",0.365751544830581,0.168582951772974,-0.641696287725621
"LRRD1",0.3664229552939,0.171205672958544,-0.649440458109305
"COL1A1",0.366477271883054,0.10691837679358,-0.61379504744403
"AKD1",0.369575791794211,-0.0865074317914167,-0.626300832749231
"FOXP2",0.371025399242185,0.272902710225892,-0.617367609877626
"TTYH3",0.371070482459919,0.173681781517005,-0.749357579269907
"ZNF771",0.371787662615953,0.149343189771161,-0.650919410380334
"OSBP2",0.372057017003306,0.167863427061463,-0.662911717885826
"SLC1A2",0.372237822068297,0.22052890452013,-0.770967217635184
"LOC100507346",0.372532620542889,0.192636021598951,-0.619430320258764
"MIR3661",0.373294044885446,0.17629786845177,-0.798485769361215
"MYO16",0.373394055167647,0.153554135077495,-0.633750425791315
"SLC8A3",0.373712319257944,0.11846510135699,-0.632691652342537
"CDHR5",0.374233529625895,0.16634687117631,-0.695780312162647
"LRRC4C",0.374252984350455,0.110683812571725,-0.62253937463859
"LOC255130",0.375088819813842,0.200468039288488,-0.663545533979406
"SIM2",0.375305704448069,0.187443351648331,-0.644917704578289
"MIR324",0.375360342326122,0.146805121450139,-0.710102122331283
"CBLN2",0.375611706198191,0.168463025277045,-0.722170863381152
"UPK2",0.376198080138867,0.231629960085352,-0.710694659423699
"HIST3H2A",0.376440048101211,0.126762636236686,-0.637463182029461
"KIAA0889",0.377336150842643,0.349637125641384,-0.638999569288378
"C12orf76",0.37752907101994,-0.172673178422534,-0.624235010307663
"C12orf51",0.377840346465304,0.353701882841277,-0.750018015978863
"LEPREL2",0.377861609148471,0.059281701555016,-0.627972452588787
"TMEM132A",0.37881647988281,0.11764866877284,-0.692849378632387
"CCHCR1",0.379422031676695,-0.0156597808199617,-0.752623724131752
"C20orf201",0.380449039143978,0.159545486107914,-0.651273213661518
"DCHS2",0.380605443274874,0.0716877693616345,-0.63771291978015
"MGC16703",0.380659263702596,0.215821796623494,-0.787171254378039
"TEX22",0.381069957082037,0.17021898310741,-0.679644059786053
"LOC100289178",0.381104761551354,0.363942211676305,-0.7217635139125
"SLC34A3",0.381843639590723,0.22612581712696,-0.650819491554257
"LOC100131234",0.382005439447353,0.130580792041565,-0.710127766195418
"SEMA6C",0.383099929097539,0.185399180788755,-0.702223309115195
"ELFN1",0.383676014591605,0.116974376743927,-0.657936088049039
"SESN3",0.384545376701227,0.128907453029047,-0.753826176768608
"TMEM117",0.384935006775805,0.0873429846208509,-0.650495019810781
"ISLR2",0.385462648330274,0.118201907929081,-0.625358656024956
"CAPN5",0.385620797067163,-0.0776868684548917,-0.821003556061754
"TMEM59L",0.386201642429891,0.143664454155462,-0.744561283722323
"FLRT1",0.386918766108963,0.145926807931343,-0.721389362959872
"LOC100507299",0.387812542450687,0.183166059108345,-0.630778278079685
"RNF144A",0.388167061735393,-0.00234266140677505,-0.730148204341032
"GSG1L",0.388465118674417,0.0823711850262106,-0.627419127720667
"LOC284276",0.38917410629617,0.227246002822856,-0.826354516782857
"LOC100505715",0.390037326902641,0.196053057786608,-0.726968572119449
"SLC18A1",0.391184193453338,0.180056143931474,-0.705254840811856
"ABAT",0.391760352520705,0.0852457520195626,-0.719428051910857
"CDO1",0.391902797884052,-0.0381627922414335,-0.726430997946632
"DET1",0.39205739356763,-0.15847406347545,-0.738164187648063
"C17orf100",0.392851560118851,0.142044986498756,-0.652413107071967
"LOC646762.ZNRF2P2",0.393861445307507,0.0843419389240865,-0.765575000317581
"ASXL3",0.393877768151235,0.187597152122733,-0.727728013642417
"TSPY26P",0.394023272090415,0.167309326966466,-0.821088055309883
"CCDC163P",0.395514047701531,0.231350767662092,-0.695694649175494
"CCDC8",0.395851328296398,0.258715022018569,-0.756723735458213
"CCDC28B",0.396729613466847,0.0886896292624054,-0.703094561256277
"SLC7A9",0.396967612543331,0.0768674776770461,-0.628846552359242
"C9orf96",0.398684372546181,0.184223728019184,-0.703186194760009
"PTK7",0.398884177166115,0.294149352880436,-0.656718608439391
"C20orf132",0.400174448809306,0.29204216804159,-0.714505528041574
"ZBTB5",0.400207153469952,-0.0464701933359662,-0.808444194946017
"EPHA3",0.400553314269607,0.113078371144311,-0.616825669828335
"SEC14L2",0.400603363543266,0.217364362929564,-0.659137212467211
"FZD2",0.401147767956027,0.100691305593663,-0.789357845885001
"FAM5C",0.401483948325316,0.117811858671337,-0.614256813991249
"LRP4",0.401930492566867,0.0149490950044597,-0.653154959790553
"COL5A1",0.402262153867371,0.28269678756564,-0.750419802826347
"FRMPD4",0.403212862962953,0.122335516002483,-0.754686376346148
"C1QTNF4",0.403787467969755,0.143751030591619,-0.710788355481024
"SLC29A4",0.40398233865895,0.159930304543789,-0.762122484849957
"CNTFR",0.404133751132246,0.139853977554776,-0.679795664756994
"C19orf57",0.40414833518907,0.0887599567021459,-0.634418977985408
"KIAA1715",0.404227842588927,0.291752615760347,-0.710608768531218
"COL3A1.MIR3606",0.404565994451997,0.127602556788837,-0.660330080466653
"WDR86",0.406208116339314,0.186596330561813,-0.752183646265393
"PCDHB14",0.406741140400446,0.0442745667855959,-0.819677989350228
"SPRN",0.407888196440947,0.102896601983959,-0.623468647861807
"PRR19",0.410568527141753,0.114725349217169,-0.776132632292762
"ZNF775",0.411205341680028,-0.0578685841281634,-0.622104971142253
"STMN3",0.411836226756968,0.0139490349836857,-0.624159377243259
"TMEM240",0.412952379496219,0.141973742688457,-0.632802145221721
"RTN4R",0.413847711647392,0.113915842855898,-0.612001399265063
"LRRTM1",0.4142826235846,0.142034140913168,-0.739997837572471
"KBTBD11",0.414526535434115,0.110235929895181,-0.706378142635696
"GAS2",0.414605755225706,0.139991729981549,-0.644317670462615
"PSPN",0.414758122082026,0.140173273791938,-0.695317186626616
"YJEFN3",0.415460168552277,0.190288019371225,-0.717789950630533
"ADAMTS14",0.415624362193851,0.121082938325341,-0.704163868870729
"MIR762",0.416010354577798,0.178875542117704,-0.788542374380689
"TSPAN11",0.416167425110822,0.0123854763531071,-0.662653914775327
"MIR568",0.417792722373464,0.197079849334715,-0.790964397670414
"CYP21A1P.CYP21A2",0.41798802132893,0.143141104743313,-0.645427801304896
"NAT14",0.418175142992086,0.0616954412553814,-0.637375180139478
"VPS37D",0.419055988369554,0.12195369882556,-0.699947489925772
"GP1BB.SEPT5.SEPT5.GP1BB",0.419283642744872,0.139045725662636,-0.64197334116601
"LOC100189589",0.420086318617186,0.108680224993862,-0.80419553432403
"NPB",0.42158019669012,0.178734609747175,-0.69210998231151
"C16orf45",0.42190574755327,-0.111413310356887,-0.612405261335039
"GNG8",0.422115180974244,0.131410160712366,-0.689990404002612
"PLEKHA6",0.422515742600539,0.0889673630912457,-0.628477614983798
"LRFN5",0.423170086807824,0.186854407812134,-0.808490195652862
"PTX3",0.423768096494321,0.0381391381379576,-0.703723956189356
"SCGN",0.423928054581157,0.187406582886696,-0.717002915247411
"POSTN",0.424857300407623,0.208996840896465,-0.634979380367081
"AP3M2",0.42644518326328,-0.0051166058231401,-0.658073113120321
"PTCH1",0.426900576673108,0.207269740481629,-0.634540826028987
"SSPO",0.42826135888444,0.158399416741558,-0.704313879889315
"LRRC17",0.428657780172603,0.187469077014693,-0.821266812717711
"BEND5",0.433159183827682,0.129281797105878,-0.695282941411976
"HNF1A",0.434539713811353,0.221814581169766,-0.778440026390881
"PRR3",0.434835886753956,0.0521758955031602,-0.758972112850423
"ZNRD1.AS1",0.438281719174003,0.290809185003517,-0.720566676864092
"TRPS1",0.438872592667884,0.262041967010536,-0.640610132902855
"COL14A1",0.438948732533074,0.166316231278971,-0.613282444093872
"KCNS2",0.438959851918155,0.143783530846165,-0.699289219720688
"HGFAC",0.438984771223691,0.161778853575055,-0.685317792131923
"PKDREJ",0.439504090626779,0.0415231137968259,-0.748052314897079
"LOC100499467",0.44021680678094,0.0190296983152093,-0.679485322541693
"PIK3R2",0.440552630115997,0.0732887825693563,-0.614444659565066
"PGF",0.443088943138986,0.102343554353645,-0.670457697578866
"LOC100505783",0.443493305201541,0.130925374131274,-0.743293428947436
"SAMD11",0.444211122909785,0.232770850793252,-0.708849726095056
"TMEM132C",0.444492266423575,0.186025266312994,-0.798532905669534
"PROX1",0.44503331019567,0.225270505730922,-0.698553621364053
"ZNF428",0.445909243599711,0.191875339776454,-0.637038852020757
"COL1A2",0.446197929807127,0.115030318771171,-0.620543311543759
"LOC149134",0.447914795016479,0.184806412522639,-0.626997006384556
"TTC36",0.448182924170385,0.137962693581834,-0.640450361494446
"TRAM1L1",0.449184162962934,0.24723947256536,-0.774366219441025
"SMOX",0.449251206072505,0.220574003645252,-0.741211026977834
"KIF26B",0.449493862288889,0.231477057255967,-0.73027293804042
"ZNF516",0.449947571401207,0.378203132093676,-0.652681733653538
"TSC22D1.AS1",0.450005155045804,-0.0826878828386298,-0.728012362601424
"C12orf23",0.450328890808056,0.345324401149217,-0.686149169148318
"ZNF843",0.450988420051222,0.159867774947101,-0.669653708037474
"LDOC1L",0.451381460411881,0.0615696881124175,-0.689267415709492
"NDN",0.451554417988192,0.183640203188018,-0.693415062472041
"NAP1L5",0.452212520148332,0.106785607255349,-0.64539911492966
"SLC26A10",0.45363049979508,0.166744281955262,-0.665409897050618
"ADAMTS13",0.45617323616402,0.149557352891503,-0.682068748147486
"ZDHHC15",0.456913592710145,0.00124061205007016,-0.769285135681387
"ASPRV1.PCBP1.AS1",0.457327591586665,0.194815471508905,-0.727962806925209
"SLC35E4",0.457756544578387,-0.0286601944611628,-0.662833169256382
"CPSF1.MIR939",0.458181610881634,0.147629782637702,-0.689033062390507
"OBSCN",0.459868770060896,0.166394093027395,-0.62658399779575
"PTCH2",0.461102334826209,0.195211615074851,-0.776397148860568
"SOX9",0.466247621485713,0.156183049733512,-0.809402098730953
"DKFZP434A062",0.466514814206616,0.210219560309535,-0.663895043213345
"C5orf54",0.466992070904761,-0.0573736031480598,-0.769292464002963
"ISYNA1",0.467283298124902,0.17697934611542,-0.784588338328337
"C3orf18",0.468199246368043,0.200406814085326,-0.706938493274824
"EID2B",0.468268949836151,0.0354245298596186,-0.658306563958778
"LOC646719",0.468534481337141,0.0655888704675141,-0.767965209417352
"ARNT2",0.468714183533199,0.0961519782598621,-0.720703179956065
"DIP2C",0.469093839349612,0.203552428794242,-0.622062948788297
"ADAMTSL1",0.469539360600824,0.16179440266997,-0.711514304324084
"LOC440461",0.469571567309924,0.161120414450611,-0.679689965617154
"SLC9A3",0.47051294453239,0.158753865481266,-0.708134551700076
"FAM110B",0.473084450687849,0.175453126549735,-0.727660953243068
"MDFI",0.473597276504592,0.182650654564217,-0.784539293323751
"ERCC4",0.475345877120691,0.459186339773562,-0.63164552807988
"CYP46A1",0.475416969379827,0.134042960874091,-0.658011144676997
"TMEM18",0.479838797617547,0.0931409959560697,-0.741574782613525
"AKAP11",0.483109848787506,0.230806034540496,-0.755657392268165
"LOC641518",0.484828421579905,0.149674328597562,-0.625268709614909
"FGFR3",0.485209513646973,0.268118700248594,-0.635485745226925
"SSBP2",0.485239258234314,0.025065658036362,-0.778671560193644
"GAL3ST2",0.486436239145592,0.158176717169875,-0.683819791767944
"SMTNL2",0.487529664552952,0.135340724006419,-0.640213544836053
"SETBP1",0.488344715386153,0.316691542779467,-0.638061915815755
"C3orf70",0.488747236781469,0.00952450483577144,-0.628745550335849
"VWA5B2",0.488925682066753,0.140498163421322,-0.668241771106884
"LOC100130522",0.489274522319647,0.13792521956422,-0.665915621135831
"SOX6",0.489382980603603,0.241359367921215,-0.684085511348006
"ENOX1",0.491332343604433,0.112773298873481,-0.726851985457933
"MGC23270",0.492276756998109,0.28806850882329,-0.622805680285336
"NID1",0.492399502059779,0.140338780528527,-0.640984090381554
"MAST2",0.494544727935214,0.200626790341785,-0.73089382125815
"CEP250",0.498416609189862,0.0342604737264905,-0.75423321472888
"MFI2.AS1",0.499470738922429,0.159623346701475,-0.721627636140449
"REEP1",0.499771467725445,0.101119680946219,-0.616720205223122
"C1orf213",0.500373880033307,0.199624983455782,-0.67020016424432
"RBM4B",0.501750777999288,0.156578021845659,-0.74666880327383
"ZNF580",0.502067826395052,0.166034864617148,-0.675623485172026
"TTLL1",0.502570592824739,-0.0144396388534374,-0.629639227326875
"LOXL1",0.503821333966258,0.199744844038324,-0.658544540172469
"ADAMTS15",0.506130435625939,0.176109034337776,-0.692243338988181
"GARNL3",0.506352176468559,-0.0471128110505265,-0.661810680600052
"RPS5",0.506948147854226,-0.0638276218856935,-0.635414656307808
"KIAA1199",0.512557265876312,0.166078364905891,-0.627222243873025
"ZNRF3",0.512566599610424,0.174498500635845,-0.668495516750691
"THAP2",0.513161090866037,0.157808890386295,-0.732966911481724
"DKFZP564C196",0.514017168652989,0.267347857455656,-0.646774276234916
"PYGO1",0.514444160783488,0.262402008740477,-0.642171956653622
"C1QTNF6",0.517405715512965,0.182358641032106,-0.703606165488552
"BAI3",0.517952854986101,0.154440076984087,-0.704247989602591
"FAM22D",0.518018649394884,0.310275868904176,-0.645942480247769
"ZNF70",0.518296626746853,0.257217264905639,-0.716769485260401
"ZNF469",0.519443685543452,0.11506811715318,-0.67800834110799
"TGFB3",0.5201505223924,0.218107418061027,-0.650762695637975
"CLEC11A",0.520419302896049,0.196583830346407,-0.648731884643465
"FBXO17",0.52196594938272,0.163524423732244,-0.718451007115536
"SLC16A8",0.522012026228359,0.182089693795771,-0.638023071512925
"LOC100289341",0.522044839277152,0.157117416926851,-0.643387220294067
"ABL1",0.523154573766215,0.0329811475221393,-0.655508442795717
"SDK1",0.523430147997908,0.162307651177733,-0.685079442135835
"POLD2",0.523702532008101,-0.131064172947683,-0.619021604750362
"COL6A3",0.526230549741747,0.202216146040204,-0.685005083462106
"TMCC2",0.526926714705672,0.113264038105811,-0.656065903594019
"MRGPRX3",0.530090839827554,0.12652770826258,-0.656312296726865
"C7orf60",0.530371679876959,0.218414493205917,-0.746035572730838
"SLC16A14",0.53155191577462,0.0431846345151076,-0.640757285164167
"MOV10L1",0.534042281764059,0.156461765900124,-0.665860555854114
"DACT1",0.534141668373419,0.108940610837972,-0.756317902490366
"KCTD7",0.534717215820141,0.0714065763949979,-0.62738319782501
"PRRC2B",0.534726137427476,0.237635967891973,-0.73394685359864
"ZBTB41",0.53706503450279,0.339188699176713,-0.641096032891851
"APBA1",0.539991560386357,0.207926582024251,-0.71208749677963
"B3GALT2",0.540406834069859,0.202541143820099,-0.640221469456616
"PDZRN3",0.542360305372434,-0.0350337920261243,-0.6606771781442
"LEF1",0.542886544302753,0.142021199177203,-0.629696376220086
"SPATA25",0.543054814359944,0.0659828827612755,-0.658431434680407
"IRX1",0.543183216016611,0.188404444488644,-0.669863117151055
"TMEM121",0.546498452230026,0.167612936991257,-0.707624418611011
"KAZALD1",0.548169751201395,0.178081612141261,-0.632199198687088
"APCDD1",0.550041115750507,0.244218314979402,-0.64070660762428
"FIZ1",0.550101264020371,0.045106392047517,-0.656194998054471
"RFTN2",0.551560221426294,0.143914528930625,-0.725546511946643
"BBS5",0.553202819968002,0.239699181008171,-0.705631616975839
"ZNF517",0.554841087776435,0.145869681656646,-0.667387566282313
"OLFML3",0.559678101270938,0.000514411075103311,-0.710899317846765
"NKD1",0.56133626285133,0.244676522646888,-0.64173017662142
"HTR2A",0.562793797806547,0.162011557544615,-0.625885110856481
"BNIP3L",0.563309063126438,0.126880007138817,-0.614443860806023
"SRRM5",0.566791626289047,0.135527215607613,-0.639863922804793
"AHDC1",0.569764619763884,0.171849961774811,-0.670886562797484
"FLJ42709",0.570693058249747,0.141020814183656,-0.702059529015969
"VARS2",0.574266915018865,-0.0491784779074379,-0.629735724014263
"KCTD15",0.575061175022969,0.348318246721293,-0.667326923969312
"ADAMTS7",0.579240925883592,0.125729458291135,-0.634665909071083
"ADCY5",0.581834265456637,-0.0712221991165665,-0.623245038335901
"GSTA4",0.583292715043681,0.165466838086376,-0.652974758495907
"EPHB3",0.58470610376376,0.310932070156659,-0.627444303319269
"FBN1",0.584754838666132,0.284967322154215,-0.623683765770384
"CAMK2A",0.586100023759433,0.149377600538506,-0.645788662474661
"CHTF18",0.586536179816123,0.173012076116053,-0.637451383331262
"SYNGR1",0.587108126704803,0.0224826558308643,-0.649783713243437
"LOC100507557",0.591476551770088,0.176331565107262,-0.639846137858488
"RGAG4",0.594234395514163,0.26373609740354,-0.696405524617595
"NFATC4",0.596545981153781,0.107324291058002,-0.71992244095537
"ZNF512B",0.597554788638612,0.209977423841601,-0.664659740681339
"LOC100508120",0.601945738416769,0.178951850037064,-0.644254667742484
"LOC100131691",0.604496292036375,0.159446010463531,-0.622023835795037
"SUFU",0.606726525586563,0.180403161609413,-0.644267350468384
"RARB",0.607280486540023,0.220084709893729,-0.667333463163275
"PNMAL2",0.60943968606326,0.149454106109864,-0.660836381702998
"MIR4749.PTOV1",0.610714432106397,0.141648398617622,-0.670677433156407
"MIR181A2HG",0.613721804732471,0.209056048568479,-0.613119245419359
"CD248",0.615385235757093,0.183633485056963,-0.652540661734361
"FAM211B",0.618938017888495,0.24668796346912,-0.622472738070111
"ZGLP1",0.621289717413174,0.103877218199271,-0.692775488663425
"CUL7",0.622529125548777,0.249692769692361,-0.687369717114955
"TSSK2",0.627665228522212,0.0719676812373909,-0.673491849184883
"CORO2B",0.628145863677846,0.0913742042459084,-0.634501210768807
"PRKAR1B",0.634187476590468,-0.00191982292798918,-0.641756988633598
"TMEM201",0.638077054128208,0.0820305591498906,-0.658917952986249
"TBKBP1",0.639024053103762,0.154780060311736,-0.660595626441405
"LOC643837",0.639600675451739,0.140413783055668,-0.644569409329914
"LOC728752",0.645244618365798,0.135981971648373,-0.618198857467009
"COL16A1",0.650951848953612,0.14501245766494,-0.642677214167441
"YPEL1",0.656589376610863,0.00907963478359468,-0.617430599864233
"ZNF395",0.657146462940802,0.186310402075442,-0.627921467632626
"ATP9A",0.660606901945334,0.240246353864333,-0.637859603123294
"FBXL2",0.682508880595644,0.278592520158839,-0.610104669046198
"C1orf126",0.705819384159755,0.136849055873138,-0.620349448911485
